id,title,note,excerpt,url,folder,tags,created,cover,highlights,favorite
1437524489,Dumb Cuneiform,,We'll take your short messages and make them permanent clay tablets.,https://dumbcuneiform.com/,Unsorted,,2025-11-17T19:02:51.070Z,http://dumbcuneiform.com/dumb-sharable-image.jpg,,false
1349648170,GitHub - botirk38/OS-1000-lines-zig,,Contribute to botirk38/OS-1000-lines-zig development by creating an account on GitHub.,https://github.com/botirk38/OS-1000-lines-zig,Unsorted,,2025-09-19T19:03:57.561Z,https://opengraph.githubassets.com/b0480831d1d20fb087b2a47517e3e26fc0d6ae9a26059e8067ff166d5aec5edb/botirk38/OS-1000-lines-zig,,false
1349648122,"Hypervisor in 1,000 Lines",,"Write your first hypervisor from scratch, in 1K LoC.",https://1000hv.seiya.me/en/,Unsorted,,2025-09-19T19:03:51.094Z,,,false
1349648080,"Operating System in 1,000 Lines | OS in 1,000 Lines",,"Write your first operating system from scratch, in 1K LoC.",https://operating-system-in-1000-lines.vercel.app/en/,Unsorted,,2025-09-19T19:03:46.837Z,,,false
1349648055,Introduction - Hypervisor 101 in Rust,,,https://tandasat.github.io/Hypervisor-101-in-Rust/,Unsorted,,2025-09-19T19:03:43.810Z,,,false
1300216954,Challenge: XR2000,,,https://clearsky.dev/blog/xr2000/,Unsorted,,2025-08-15T11:22:19.245Z,,,false
1038460141,"Lecture 1: Introduction, Threat Models | Computer Systems Security | Electrical Engineering and Computer Science | MIT OpenCourseWare",,MIT OpenCourseWare is a web based publication of virtually all MIT course content. OCW is open and available to the world and is a permanent MIT activity,https://ocw.mit.edu/courses/6-858-computer-systems-security-fall-2014/resources/lecture-1-introduction-threat-models/,Unsorted,,2025-05-12T06:58:16.692Z,https://ocw.mit.edu/courses/6-858-computer-systems-security-fall-2014/90716014a03171bde18bc7138884136c_6-858f14.jpg,,false
1038446683,Security Training Reimagined | RET2 WarGames,,Our industry-leading platform is the most effective solution for learning modern binary exploitation through a world-class curriculum developed by RET2.,https://wargames.ret2.systems/,Unsorted,,2025-05-12T06:44:44.503Z,https://wargames.ret2.systems/landing/img/wargames_laptop.jpeg,,false
1038446473,Level Select | RET2 WarGames,,,https://wargames.ret2.systems/levels#Demo,Unsorted,,2025-05-12T06:44:36.941Z,,,false
1038432377,Emily marries Nick 2015-12-05 (Terminus),,,https://nick-black.com/wedding/terminus.html,Unsorted,,2025-05-12T06:36:01.903Z,,,false
1031789514,Master Coding for Data Science,,"StrataScratch is a data science interview platform that has over 1000+ real interview questions from top tech companies like Facebook, Amazon, Google, and more.",https://www.stratascratch.com/,Unsorted,,2025-05-04T18:47:29.643Z,https://www.stratascratch.com/static/0ecf445663e60d5e7bfd14679766cd55/9eb0b/stratascratch-hero.webp,,false
1031789459,SQLBolt - Learn SQL - SQL Lesson 1: SELECT queries 101,,SQLBolt provides a set of interactive lessons and exercises to help you learn SQL,https://sqlbolt.com/lesson/select_queries_introduction,Unsorted,,2025-05-04T18:47:06.887Z,,,false
1031789316,DataLemur - Ace the SQL & Data Science Interview,,"Practice SQL Interview Questions & Data Science Interview Questions asked by FAANG. Made by Nick Singh, Best-Selling Author of Ace the Data Science Interview.",https://datalemur.com/,Unsorted,,2025-05-04T18:46:16.175Z,https://datalemur.com/og_image.webp,,false
1031788995,SQLZoo,,,https://sqlzoo.net/wiki/SQL_Tutorial,Unsorted,,2025-05-04T18:44:47.909Z,,,false
1026025141,Crimes Against Mimesis - rickandviv.net,,,https://www.rickandviv.net/index.php/2004/08/18/crimes-against-mimesis/,Unsorted,,2025-04-27T10:21:55.980Z,,,false
1026025020,1. Introduction,,,https://helderman.github.io/htpataic/htpataic01.html,Unsorted,,2025-04-27T10:21:00.993Z,,,false
1026024544,Ic√¥nes,,,https://icones.js.org/,Unsorted,,2025-04-27T10:17:44.255Z,,,false
1005039803,Go Optimization Guide,,Patterns and Techniques for Writing High-Performance Applications with Go,https://goperf.dev/,Unsorted,,2025-04-01T06:17:47.801Z,,,false
1005039798,Zero-Copy Techniques - Go Optimization Guide,,Patterns and Techniques for Writing High-Performance Applications with Go,https://goperf.dev/01-common-patterns/zero-copy/#using-ioreader-and-iowriter-interfaces,Unsorted,,2025-04-01T06:17:42.257Z,,,false
991294483,Eggnog,,Create AI videos with consistent characters,https://www.eggnog.ai/,Unsorted,,2025-03-13T08:34:36.741Z,,,false
985455335,Hello from Coding Challenges | Coding Challenges,,Description will go into a meta tag in head /,https://codingchallenges.fyi/,Unsorted,,2025-03-04T20:35:21.168Z,https://codingchallenges.fyi/img/cc-logo.png,,false
985454865,Block Breakers,,,https://davidwong.fr/blockbreakers/index.html,Unsorted,,2025-03-04T20:32:48.151Z,,,false
985449817,Network+ N10-008 - 1.0 Networking Concepts,,Free CompTIA Network+ 1.0 Networking Concepts practice questions and Anki Deck. Master networking basics for your certification exam.,https://lognpacific.com/free-certification-practice-tests/free-network-plus-practice-questions/network-n10-008-1-0-networking-concepts/,Unsorted,,2025-03-04T20:28:11.330Z,https://lognpacific.com/wp-content/uploads/2024/05/deck-network-plus-e1716457776193-1024x810.png,,false
985363327,"Let's code a TCP/IP stack, 1: Ethernet & ARP",,"Writing your own TCP/IP stack may seem like a daunting task. Indeed, TCP has accumulated many specifications over its lifetime of more than thirty years. The core specification, however, is seemingly compact[^tcp-roadmap] - the important parts being TCP header parsing, the state machine, congestion control and retransmission timeout computation.",https://www.saminiir.com/lets-code-tcp-ip-stack-1-ethernet-arp/#conclusion,Unsorted,,2025-03-04T18:03:03.862Z,http://www.saminiir.com/img/logo2.png,,false
984476566,All Web Security Academy topics | Web Security Academy,,"An overview of all topics, from beginner to expert level, through the Web Security Academy - brought to you by PortSwigger. Create an account to get started.",https://portswigger.net/web-security/all-topics,Unsorted,,2025-03-03T11:47:22.309Z,https://portswigger.net/content/images/logos/academy-twittercard.png,,false
976678896,Jan bilek cv,,,https://honzabe.com/Jan_Bilek-CV.pdf,Unsorted,,2025-02-21T09:04:06.457Z,,,false
972230656,Go | Good First Issue,,Curated list of issues in Go from popular open-source projects that you can easily fix.,https://goodfirstissue.dev/language/go,Unsorted,,2025-02-15T12:33:02.015Z,,,false
971442897,Landin next 700,,,https://homepages.inf.ed.ac.uk/wadler/papers/papers-we-love/landin-next-700.pdf,Unsorted,,2025-02-14T12:46:01.630Z,,,false
971316181,NoelJacob/advent-and-other-calandars: Seasonal coding challenges like Advent of Code,,Seasonal coding challenges like Advent of Code. Contribute to NoelJacob/advent-and-other-calandars development by creating an account on GitHub.,https://github.com/NoelJacob/advent-and-other-calandars,Unsorted,,2025-02-14T09:27:22.225Z,https://opengraph.githubassets.com/69dde7a1a264eb8f38cbe8deae76151617f8d553f1806d3a8e879b81875c5dc5/NoelJacob/advent-and-other-calandars,,false
971315001,Holiday Hack Cybersecurity Challenge 2024 | SANS Institute,,Holiday Hack Cybersecurity Challenge 2024 | SANS Institute,https://www.sans.org/mlp/holiday-hack-challenge-2024/,Unsorted,,2025-02-14T09:26:17.292Z,https://images.contentstack.io/v3/assets/blt36c2e63521272fdc/blt4133dd43d7e25b44/672ac0960d8cdc0aaadceea9/HHC2024_Phase_3_Now_Open.jpg?format=png&auto=webp&width=2560,,false
971314501,Everybody Codes,,"Everybody Codes is an annual event, much like Advent of Code, where you and your friends can participate in a variety of exciting quests. Join people from all around the globe tackling the same challenges, because, as we all know, in one way or another, everybody codes!",https://everybody.codes/home,Unsorted,,2025-02-14T09:23:44.263Z,https://everybody-codes.b-cdn.net/assets/img/og_logo.jpg?v=2,,false
971311900,SQL Noir - A Detective SQL Game,,Solve crimes and mysteries using SQL queries in this detective-themed SQL learning game.,https://www.sqlnoir.com/,Unsorted,,2025-02-14T09:18:10.031Z,https://www.sqlnoir.com/open-graph-image.png,,false
967954903,PwnTillDawn Online,,,https://online.pwntilldawn.com/,Unsorted,,2025-02-09T19:48:09.256Z,https://online.pwntilldawn.com/Content/img/logo.png,,false
967951440,"""Reverse Engineering for Beginners"" book",,,https://beginners.re/,Unsorted,,2025-02-09T19:43:21.181Z,,,false
964576913,Beej's Guide to C Programming,,,https://beej.us/guide/bgc/html/,Unsorted,,2025-02-05T21:06:15.907Z,,,false
957260957,Reversing Crackme Challenges - Irken Kitties,,"You may have noticed that I like to program many things in Ruby. I really do like
many aspects of this language, and it‚Äôs usually the main language ‚Ä¶",https://irkenkitties.com/blog/2016/04/12/reversing-crackme-challenges/,Unsorted,,2025-01-28T17:28:30.329Z,,,false
953658812,"dankwiki, the wiki of nick black",,"Nick Black of Atlanta and his personal wiki of linux, computers, postmodern literature, nuclear physics, and cartoonish supervillainy.",https://nick-black.com/dankwiki/index.php/Hack_on,Unsorted,,2025-01-24T12:03:27.373Z,https://nick-black.com/images/answers.jpg,,false
951989916,Oatmeal - December Adventure,,"The Advent of Code is cool, but a lot, and not everyone‚Äôs jam. The December Adventure is low key. The goal is to write a little bit of code every",https://eli.li/december-adventure,Unsorted,,2025-01-22T12:12:02.224Z,https://cdn.blot.im/blog_7b49675ad4964db5a10b2e055c3fc5d8/_avatars/46f6db9e-6ed0-4124-9580-7db796f1cacd.jpg,,false
946841209,Michael Crilly - YouTube,,"I'm an educator and author. I setup and founded Upload Academy (https://upload.academy). I also run The DevOps Lounge, a professional Discord community for everything DevOps: https://discord.gg/devopslounge   I absolutely love DevOps and believe it's the only way to deliver software. I specialise in the automation side of the practice, but I believe the communication, collaboration and other people orientated aspects of the job are equally as important and highly underrepresented in today's organisations.  On this channel I want to share my knowledge and experience with you directly and explore how we can make this amazing practice of DevOps, and this amazing industry we're in, a more accessible place for all.  I explore technologies like AWS, Terraform, Ansible, Git, GitLab, Docker, Kubernetes; and concept such as Continuous Integration, Continuous Delivery, Agile, DevSecOps, and more.",https://www.youtube.com/@MichaelCrilly/videos,Unsorted,,2025-01-16T10:23:44.483Z,https://yt3.googleusercontent.com/2MBucw2NSS4T1Qj4jYrqGYskRvEsbfNgY7bW3ceufxlqPVPoJ0py8lAJ9sueo0Syx5zK5eSnAso=s900-c-k-c0x00ffffff-no-rj,,false
940257340,"Learn OpenGL, extensive tutorial resource for learning Modern OpenGL",,Learn OpenGL . com provides good and clear modern 3.3+ OpenGL tutorials with clear examples. A great resource to learn modern OpenGL aimed at beginners.,https://learnopengl.com/,Unsorted,,2025-01-08T03:08:36.883Z,https://learnopengl.com/book/below_menu.png,,false
940257242,Home ¬∑ ssloy/tinyrenderer Wiki,,A brief computer graphics / rendering course.,https://github.com/ssloy/tinyrenderer/wiki,Unsorted,,2025-01-08T03:07:42.047Z,https://raw.githubusercontent.com/ssloy/tinyraycaster/master/doc/tinyraytracer.jpg,,false
940257162,"Scratchapixel 4.0, Learn Computer Graphics Programming",,,https://www.scratchapixel.com/index.html,Unsorted,,2025-01-08T03:07:03.333Z,https://www.scratchapixel.com/images/thumbnails/rendering-intro.png,,false
940256758,Introduction - Computer Graphics from Scratch - Gabriel Gambetta,,,https://gabrielgambetta.com/computer-graphics-from-scratch/00-introduction.html,Unsorted,,2025-01-08T03:04:15.808Z,https://gabrielgambetta.com/computer-graphics-from-scratch/images/comparison-1.png,,false
935545542,Developing inside a virtual machine | Georges Haidar,,Keeping my laptop clean by developing in a virtual machine,https://blog.disintegrator.dev/posts/dev-virtual-machine/,Unsorted,,2025-01-02T07:55:44.813Z,https://blog.disintegrator.dev/_astro/vscode-extensions.Cnq2PSgc_2sF0fV.webp,,false
935542080,HirschDaniel - YouTube,,"Regular coding videos: graphics, hacking, low-level programming. Purely recreational and educational.",https://www.youtube.com/@HirschDaniel/videos,Unsorted,,2025-01-02T07:30:59.652Z,https://yt3.googleusercontent.com/DPA72pGfLQlkJVfaQIQWG78MUx2t-0IvBIiqmtvdOFr9zOw-pZHsZ97xQdI2vncxezAqiPGkOA=s900-c-k-c0x00ffffff-no-rj,,false
935512686,Free multiplayer idle browser MMORPG - Queslar,,"Queslar is a free text-based multiplayer idle browser MMORPG. Fight monsters, alone or in a party up to 4 people. Collaborate in villages and join up with multiple villages to rule the world in a kingdom.",https://www.queslar.com/#/,Unsorted,,2025-01-02T05:18:52.172Z,https://www.queslar.com/assets/icons/png4.png,,false
934797391,useWeb3.xyz ¬∑ Learn Web3 development,,"A platform for developers to learn about Web3. Explore tutorials, guides, courses, challenges and more. Learn by building ‚öíÔ∏è Find your job ‚ú® Start contributing",https://www.useweb3.xyz/,Unsorted,,2025-01-01T11:22:47.381Z,https://www.useweb3.xyz/images/social.png,,false
934796266,#1 Solidity Tutorial & Ethereum Blockchain Programming Course | CryptoZombies,,"CryptoZombies is The Most Popular, Interactive Solidity Tutorial That Will Help You Learn Blockchain Programming by Building Your Own Fun Game with Zombies ‚Äî Master Blockchain Development with Web3, Infura, Metamask & Ethereum Smart Contracts and Become a Blockchain Developer in Record Time!.",https://cryptozombies.io/,Unsorted,,2025-01-01T11:21:59.842Z,https://cryptozombies.io/images/preview_image.png,,false
934796207,Node Guardians: Level up your programming skills,,"Level up your programming skills with Node Guardians, a fantasy themed learning platform for Smart Contract developers. Join the order today!",https://nodeguardians.io/,Unsorted,,2025-01-01T11:21:50.478Z,https://nodeguardians.io/thumbnail.webp,,false
934793280,Speed Run Ethereum,,Learn how to build on Ethereum; the superpowers and the gotchas.,https://speedrunethereum.com/,Unsorted,,2025-01-01T11:19:54.813Z,https://speedrunethereum.com/thumbnail.png,,false
934786853,Big-O Algorithm Complexity Cheat Sheet (Know Thy Complexities!) @ericdrowell,,,https://www.bigocheatsheet.com/,Unsorted,,2025-01-01T11:16:20.147Z,https://www.bigocheatsheet.com/img/big-o-cheat-sheet-poster.png,,false
934775210,Learn Git Branching,,An interactive Git visualization tool to educate and challenge!,https://learngitbranching.js.org/,Unsorted,,2025-01-01T11:09:30.497Z,https://pcottle.github.io/learnGitBranching/assets/learnGitBranching.png,,false
934773197,Dmitry Soshnikov | Education,,"Compilers, Interpreters ‚Ä£ Garbage Collectors ‚Ä£ Parsers, Virtual Machines",https://www.dmitrysoshnikov.education/courses,Unsorted,,2025-01-01T11:08:27.235Z,https://www.filepicker.io/api/file/yLDXNX3XRI2N4xSD199v,,false
934228045,Compiler Engineer Path,,Building an Interpreter from scratchBuilding a Transpiler from scratchBuilding a Parser from scratchBuilding a Typechecker from scratchBuilding a Virtual Machine from scratch Programming Language with LLVMParsing AlgorithmsGarbage Collection AlgorithmsAutomata Theory: inside a RegExp machineRecommended literature,http://dmitrysoshnikov.com/courses/compiler-engineer-path/,Unsorted,,2024-12-31T05:35:23.463Z,http://dmitrysoshnikov.com/wp-content/uploads/2020/03/EoI_Class_Cover_Udemy.png,,false
933250781,Cahier - Enhance your Reading,,"Cahier is the note-taking tool for researchers and diligent readers. Seamlessly collect, read and synthesize in the same app.",https://getcahier.com/,Unsorted,,2024-12-30T05:47:36.573Z,https://getcahier.com/assets/img/og.png?v=3,,false
928997088,"Electrik Heaven v2 by Kashmir54 - AMD Ryzen 9 7950X, GeForce RTX 3080 10GB, Fractal Design North ATX Mid Tower - PCPartPicker",,"Electrik Heaven v2 by Kashmir54 - AMD Ryzen 9 7950X, GeForce RTX 3080 10GB, Fractal Design North ATX Mid Tower",https://uk.pcpartpicker.com/b/tnvfrH,Unsorted,,2024-12-25T11:17:46.214Z,https://cdna.pcpartpicker.com/static/forever/images/userbuild/462253.ea38e5b8afdaf0f088541f863b10800b.jpg,,false
926957866,Learning Parser Combinators With Rust : Bodil dot lol,,,https://bodil.lol/parser-combinators/,Unsorted,,2024-12-22T09:02:48.452Z,https://bodil.lol/parser-combinators/many-puppies.gif,,false
917574723,6.1810 / Fall 2023 (Operating System Engineering),,,https://pdos.csail.mit.edu/6.1810/2023/overview.html,Unsorted,,2024-12-09T05:09:40.564Z,,,false
917574360,Search | MIT OpenCourseWare | Free Online Course Materials,,MIT OpenCourseWare is a web based publication of virtually all MIT course content. OCW is open and available to the world and is a permanent MIT activity,https://ocw.mit.edu/search/,Unsorted,,2024-12-09T05:06:28.643Z,https://ocw.mit.edu/static_shared/images/ocw_logo_white_on_black.dc6662ab918cec1c2f31.png,,false
917573711,Most Popular Courses | MIT OpenCourseWare | Free Online Course Materials,,These are the 20 most visited courses on OCW over the past month.,https://ocw.mit.edu/course-lists/most-popular-courses/,Unsorted,,2024-12-09T04:59:55.569Z,https://ocw.mit.edu/static_shared/images/ocw_logo_white_on_black.dc6662ab918cec1c2f31.png,,false
917571078,Introduction - Writing NES Emulator in Rust,,,https://bugzmanov.github.io/nes_ebook/chapter_1.html,Unsorted,,2024-12-09T04:49:18.436Z,https://bugzmanov.github.io/nes_ebook/images/intro.png,,false
917079338,Pwnable.tw,,Pwnable.tw is a wargame site for hackers to test and expand their exploiting skills.,https://pwnable.tw/,Unsorted,,2024-12-08T14:59:20.600Z,https://pwnable.tw/static/image/og_img.png,,false
914972916,Edit - Untitled,,Create VS Code Themes with Theme Studio!,https://themes.vscode.one/edit/local/,Unsorted,,2024-12-05T15:16:08.959Z,,,false
914972895,VS Code Themes,,Search themes for Visual Studio Code,https://vscodethemes.com/,Unsorted,,2024-12-05T15:16:01.775Z,https://vscodethemes.com/thumbnail.jpg,,false
914151784,Build A Cryptocurrency Trading Bot with R,,** Note that the API used in this tutorial is no longer in service. This article should be read for illustrative purposes with that in‚Ä¶,https://towardsdatascience.com/build-a-cryptocurrency-trading-bot-with-r-1445c429e1b1,Unsorted,,2024-12-04T10:59:16.726Z,https://miro.medium.com/v2/resize:fit:1200/0*CTqTslOUfk1D9vyz.,,false
914086402,Infon Battle Arena - A Programming Game,,Infon Battle Arena is a realtime networked multiplayer programming game,https://infon.dividuum.de/,Unsorted,,2024-12-04T08:37:49.701Z,https://infon.dividuum.de/infon.jpg,,false
912692908,Fix Consumer Electronics,,"We know consumer electronics can be better for you and for the environment. Unlike most products, ours are open for you to repair and upgrade",https://frame.work/marketplace/merch,Unsorted,,2024-12-02T04:22:12.165Z,https://frame.work/assets/og_image-4ed36f752b489946634f27564886ca68fafacc7202bf36024057eadf0ba6225e.png,,false
912268148,Pink Squirrel Labs,,,http://www.pinksquirrellabs.com/index.html,Unsorted,,2024-12-01T12:11:32.180Z,http://www.pinksquirrellabs.com/img/sabloom/serial.png,,false
909932474,The Art of HPC,,,https://theartofhpc.com/,Unsorted,,2024-11-27T13:31:11.173Z,https://theartofhpc.com/ewExternalFiles/frontcover-small.jpg,,false
909931996,Compiler Explorer,,"Compiler Explorer is an interactive online compiler which shows the assembly output of compiled C++, Rust, Go (and many more) code.",https://godbolt.org/,Unsorted,,2024-11-27T13:28:04.761Z,https://github.com/compiler-explorer/infra/blob/main/logo/favicon.png?raw=true,,false
909931914,dendibakh/perf-ninja: This is an online course where you can learn and master the skill of low-level performance analysis and tuning.,,This is an online course where you can learn and master the skill of low-level performance analysis and tuning. - dendibakh/perf-ninja,https://github.com/dendibakh/perf-ninja,Unsorted,,2024-11-27T13:27:31.707Z,https://repository-images.githubusercontent.com/387675964/4189c9cd-08bb-43a6-8ff2-3f1d2f04b1c3,,false
909228315,plutov/practice-go: Practice Go: a collection of Go programming challenges,,Practice Go: a collection of Go programming challenges - plutov/practice-go,https://github.com/plutov/practice-go,Unsorted,,2024-11-26T14:37:28.155Z,https://opengraph.githubassets.com/3ac12109a27bbe162c1401c47a0d63386127f00383a6112a60cff1e502ad70c3/plutov/practice-go,,false
903556888,Pikuma: Courses,,"Courses and tutorials to learn computer science, programming, and mathematics.",https://pikuma.com/courses,Unsorted,,2024-11-18T09:22:40.286Z,https://pikuma.com/images/og/courses.png,,false
903478439,Ray Tracing in One Weekend,,,https://raytracing.github.io/books/RayTracingInOneWeekend.html,Unsorted,,2024-11-18T05:45:11.191Z,https://raytracing.github.io/images/fig-1.01-ppm.jpg,,false
903478424,Graphics Programming Projects,,,https://graphicscodex.com/projects/projects/,Unsorted,,2024-11-18T05:45:03.137Z,https://graphicscodex.com/projects/projects/cloud10.jpg,,false
899600805,Dashboard ¬∑ USACO Guide,,"A free collection of curated, high-quality competitive programming resources to take you from USACO Bronze to USACO Platinum and beyond. Written by top USACO Finalists, these tutorials will guide you through your competitive programming journey.",https://usaco.guide/dashboard/,Unsorted,,2024-11-14T04:33:56.791Z,https://usaco.guide/static/2863837723a7041cb58da9f7856ce0fb/0ff54/social-media-image.jpg,,false
895845002,Lord of SQLInjection,,,https://los.rubiya.kr/,Unsorted,,2024-11-08T08:29:31.721Z,,,false
895844991,[WeChall] Participating Challenge Sites,,Participating and active challenge sites listed on WeChall.,https://www.wechall.net/active_sites,Unsorted,,2024-11-08T08:29:26.972Z,https://wechall.net/tpl/wc4/img/logo_wc4_large.png,,false
895844935,Prompt Riddle,,,https://promptriddle.com/#,Unsorted,,2024-11-08T08:28:45.976Z,https://promptriddle.com/img/logo.png,,false
895844583,Gekk√≥ - a geek challenge,,,https://gekko.csokavar.hu/login,Unsorted,,2024-11-08T08:27:20.980Z,,,false
895844539,247CTF - The game never stops,,"247CTF is a security learning environment where hackers can test their abilities across a number of different Capture The Flag (CTF) challenge categories including web, cryptography, networking, reversing and exploitation.",https://247ctf.com/,Unsorted,,2024-11-08T08:27:04.107Z,https://247ctf.com/static/images/slogan.png,,false
894448458,"I'm struggling to find well written non-YA fantasy, Help me fill the holes in my library. : r/Fantasy",,"15 votes, 66 comments. My Fantasy reading list has been stagnating recently as I feel I am running out of compelling reads. I need help filling in‚Ä¶",https://www.reddit.com/r/Fantasy/comments/19f4vrr/im_struggling_to_find_well_written_nonya_fantasy/,Unsorted,,2024-11-06T12:12:07.834Z,https://share.redd.it/preview/post/19f4vrr,,false
894446639,Running a multi-gig Home Network in 2024,,"Having a fast multi-gig network at home has never been more affordable, and here's how I set up mine using a custom cheap router running VyOS, a few Zyxel switches and a Unifi Access Point.",https://atodorov.me/2024/07/03/running-a-multi-gig-home-network-in-2024/,Unsorted,,2024-11-06T12:04:52.832Z,,,false
889905512,sdmg15/Best-websites-a-programmer-should-visit: :link: Some useful websites for programmers.,,:link: Some useful websites for programmers. Contribute to sdmg15/Best-websites-a-programmer-should-visit development by creating an account on GitHub.,https://github.com/sdmg15/Best-websites-a-programmer-should-visit?tab=readme-ov-file#moocs-for-learning-something-new,Unsorted,,2024-11-01T12:46:29.625Z,https://opengraph.githubassets.com/8dca6f9e60e9a3108d04135f9303fd81fbc90acf6d05af3c78d597cb3b062439/sdmg15/Best-websites-a-programmer-should-visit,,false
889905078,jepsen-io/maelstrom: A workbench for writing toy implementations of distributed systems.,,A workbench for writing toy implementations of distributed systems. - jepsen-io/maelstrom,https://github.com/jepsen-io/maelstrom,Unsorted,,2024-11-01T12:44:17.789Z,https://opengraph.githubassets.com/149b78ce2169bd2c3003932c94a6a41c25b222040f14360126cd6d6d1b0c7c9b/jepsen-io/maelstrom,,false
889904681,pwn.college,,,https://pwn.college/,Unsorted,,2024-11-01T12:41:12.572Z,,,false
889904622,vavkamil/awesome-vulnerable-apps: Awesome Vulnerable Applications,,Awesome Vulnerable Applications. Contribute to vavkamil/awesome-vulnerable-apps development by creating an account on GitHub.,https://github.com/vavkamil/awesome-vulnerable-apps,Unsorted,,2024-11-01T12:40:45.690Z,https://opengraph.githubassets.com/8aa43b4a3e40d36e78d16de8a18a55b557c6f3af4cdac0419345ba00faf03476/vavkamil/awesome-vulnerable-apps,,false
889904572,OWASP Juice Shop | OWASP Foundation,,"Probably the most modern and sophisticated insecure web application for security trainings, awareness demos and CTFs. Also great voluntary guinea pig for your security tools and DevSecOps pipelines!",https://owasp.org/www-project-juice-shop/,Unsorted,,2024-11-01T12:40:06.834Z,https://owasp.org/www--site-theme/favicon.ico,,false
889904210,Select Star SQL,,,https://selectstarsql.com/,Unsorted,,2024-11-01T12:37:27.042Z,,,false
889904140,Knight Lab's SQL Murder Mystery,,Use SQL queries to solve the murder mystery. Suitable for beginners or experienced SQL sleuths.,https://mystery.knightlab.com/,Unsorted,,2024-11-01T12:36:50.672Z,https://mystery.knightlab.com/174092-clue-illustration.png,,false
889904103,SQLBolt - Learn SQL - Introduction to SQL,,SQLBolt provides a set of interactive lessons and exercises to help you learn SQL,https://sqlbolt.com/,Unsorted,,2024-11-01T12:36:36.336Z,,,false
889903904,CryptoHack ‚Äì Home,,"A free, fun platform to learn about cryptography through solving challenges and cracking insecure code. Can you reach the top of the leaderboard?",https://cryptohack.org/,Unsorted,,2024-11-01T12:34:40.177Z,https://cryptohack.org/static/img/banner.png,,false
889897049,CodeAbbey - programming problems,,,https://www.codeabbey.com/,Unsorted,,2024-11-01T12:28:57.460Z,https://www.codeabbey.com/img/facade.gif,,false
889892495,Protohackers,,,https://protohackers.com/,Unsorted,,2024-11-01T12:21:38.778Z,,,false
889892350,codingquest,,,https://codingquest.io/,Unsorted,,2024-11-01T12:21:25.253Z,https://codingquest.io/alien-256x256.png,,false
889892066,Noah's Rug (5783) ‚Äî Hanukkah of Data,,,https://hanukkah.bluebird.sh/5783/,Unsorted,,2024-11-01T12:21:03.708Z,,,false
889891720,Coding Games and Programming Challenges to Code Better,,"CodinGame is a challenge-based training platform for programmers where you can play with the hottest programming topics. Solve games, code AI bots, learn from your peers, have fun.",https://www.codingame.com/start/,Unsorted,,2024-11-01T12:19:57.302Z,https://files.codingame.com/codingame/codingame_share_pics_new.png,,false
889231218,ossu/computer-science: üéì Path to a free self-taught education in Computer Science!,,üéì Path to a free self-taught education in Computer Science! - ossu/computer-science,https://github.com/ossu/computer-science,Unsorted,,2024-10-31T04:44:28.380Z,https://opengraph.githubassets.com/790da340b80b1f8d33bad4f91ad4c0f43d65bee59a3aa2377fcf7f78b7b866f9/ossu/computer-science,,false
889230801,Crackmes,,,https://crackmes.one/,Unsorted,,2024-10-31T04:39:47.502Z,,,false
888579705,Basics of BrainFuck,,"Basics of BrainFuck. GitHub Gist: instantly share code, notes, and snippets.",https://gist.github.com/roachhd/dce54bec8ba55fb17d3a,Unsorted,,2024-10-30T11:58:17.185Z,https://github.githubassets.com/assets/gist-og-image-54fd7dc0713e.png,,false
888575342,Algorithmica,,,https://en.algorithmica.org/,Unsorted,,2024-10-30T11:40:28.031Z,,,false
887866936,"CodeYourFuture/immersive-go-course: An immersive, introductory course to backend software engineering using go.",,"An immersive, introductory course to backend software engineering using go. - CodeYourFuture/immersive-go-course",https://github.com/CodeYourFuture/immersive-go-course/tree/main,Unsorted,,2024-10-29T07:42:37.080Z,https://github.com/CodeYourFuture/immersive-go-course/raw/main/readme-assets/giphy.gif,,false
887864467,Ops School Curriculum ‚Äî Ops School Curriculum 0.1 documentation,,,https://www.opsschool.org/index.html,Unsorted,,2024-10-29T07:35:29.618Z,,,false
887494085,Table of Contents ¬∑ Game Programming Patterns,,,https://gameprogrammingpatterns.com/contents.html,Unsorted,,2024-10-28T14:13:22.318Z,,,false
887350020,sger/RustBooks: List of Rust books,,List of Rust books. Contribute to sger/RustBooks development by creating an account on GitHub.,https://github.com/sger/RustBooks,Unsorted,,2024-10-28T06:52:46.646Z,https://opengraph.githubassets.com/4e9b9c8ac73074c9551d4a90ccc6242a969f278f97360ace9449f2163786c7f7/sger/RustBooks,,false
884174249,PabloNet,,Matthieu Le Cauchois's website,https://www.matthieulc.com/posts/pablonet/,Unsorted,,2024-10-24T06:43:17.732Z,https://www.matthieulc.com/posts/pablonet/main.jpeg,,false
883608087,SQL Interview Questions | DataLemur,,"Practice real SQL Interview Questions asked by Amazon, Google, Facebook (Meta), and other FAANG companies during Data Science and Data Analyst interviews.",https://datalemur.com/questions,Unsorted,,2024-10-23T09:00:29.915Z,https://datalemur.com/og_image.webp,,false
882785911,Introduction to Zig,,,https://pedropark99.github.io/zig-book/,Unsorted,,2024-10-22T12:25:41.882Z,https://pedropark99.github.io/zig-book/Cover/cover-artv3.png,,false
876393004,6.5840 Home Page: Spring 2024,,,https://pdos.csail.mit.edu/6.824/,Unsorted,,2024-10-15T14:32:22.196Z,,,false
871647964,Game Programming in Prolog - Part 1,,"This article explains how a game can be made in Prolog by leveraging the hidden power of logic programming. Inspired by the elegance of data-driven design and declarative programming paradigms, I will be explaining a new way of designing game rules which can at the same time be used as the source code of the gameplay system itself.",https://thingspool.net/morsels/page-10.html,Unsorted,,2024-10-11T03:10:40.730Z,https://thingspool.net/morsels/e01.jpg,,false
871357103,practical-tutorials/project-based-learning: Curated list of project-based tutorials,,Curated list of project-based tutorials. Contribute to practical-tutorials/project-based-learning development by creating an account on GitHub.,https://github.com/practical-tutorials/project-based-learning#cc,Unsorted,,2024-10-10T15:25:43.294Z,https://opengraph.githubassets.com/b8d1ba4fb321f4695aec0646e5fc9b50f0e7761e520900cb2ff54a2d30ab9000/practical-tutorials/project-based-learning,,false
871356759,Lazy Foo' Productions - Beginning Game Programming v2.0,,A beginners guide for Game Programming.,https://lazyfoo.net/tutorials/SDL/,Unsorted,,2024-10-10T15:23:33.225Z,,,false
871349092,Linux containers in 500 lines of code,,,https://blog.lizzie.io/linux-containers-in-500-loc.html,Unsorted,,2024-10-10T14:50:19.654Z,,,false
871349080,C Project Based Tutorials? : r/C_Programming,,"228 votes, 16 comments. Update: Check out the Github repo for a more updated list. Anyone have recommendations on project based tutorials or even‚Ä¶",https://www.reddit.com/r/C_Programming/comments/872rlt/c_project_based_tutorials/,Unsorted,,2024-10-10T14:50:14.047Z,https://share.redd.it/preview/post/872rlt,,false
871348741,The little book about OS development,,,https://littleosbook.github.io/,Unsorted,,2024-10-10T14:48:28.392Z,https://littleosbook.github.io/images/boot_chain.png,,false
871348264,Beej's Guide to Network Programming,,,https://beej.us/guide/bgnet/html//index.html,Unsorted,,2024-10-10T14:46:44.204Z,,,false
871345117,Contents ‚Ä¢ Build Your Own Lisp,,,https://buildyourownlisp.com/contents,Unsorted,,2024-10-10T14:45:29.175Z,,,false
869794933,The Definitive C Book Guide and List,,"This question attempts to collect a community-maintained list of quality books on the c programming language, targeted at various skill levels.

C is a complex programming language that is difficul...",https://stackoverflow.com/questions/562303/the-definitive-c-book-guide-and-list,Unsorted,,2024-10-08T04:25:39.633Z,https://cdn.sstatic.net/Sites/stackoverflow/Img/apple-touch-icon.png?v=c78bd457575a,,false
869318455,Three states plan ai of fear,,,https://www.gamedevs.org/uploads/three-states-plan-ai-of-fear.pdf,Unsorted,,2024-10-07T15:01:09.009Z,,,false
867978772,Ray Tracing in One Weekend Series,,,https://raytracing.github.io/,Unsorted,,2024-10-05T14:30:17.272Z,https://raytracing.github.io/images/cover/CoverRTW1-small.jpg,,false
864691960,Programming with Web3Coach,,Weekly programming insights into blockchain protocols from a full-time Web3 engineer at Infura.,https://web3.coach/,Unsorted,,2024-10-01T13:07:34.303Z,https://web3.coach/content/images/2023/11/logo_web3coach-2.svg,,false
864667749,HackThisSite,,"HackThisSite.org is a free, safe and legal training ground for hackers to test and expand their ethical hacking skills with challenges, CTFs, and more.",https://www.hackthissite.org/,Unsorted,,2024-10-01T11:05:23.600Z,https://data.htscdn.org/images/hackthissite-meta-card.png,,false
864667717,Welcome [Root Me : Hacking and Information Security learning platform],,Root Me is a platform for everyone to test and improve knowledge in computer security and hacking.,https://www.root-me.org/?lang=en,Unsorted,,2024-10-01T11:05:08.142Z,,,false
864667311,Hack The Box: The #1 Cybersecurity Performance Center,,HTB is the leading Cybersecurity Performance Center for advanced frontline teams to aspiring security professionals & students. Start driving peak cyber performance.,https://www.hackthebox.com/,Unsorted,,2024-10-01T11:03:06.442Z,https://www.hackthebox.com/images/landingv3/og/og-home-page.jpg,,false
864667150,OverTheWire: Wargames,,,https://overthewire.org/wargames/,Unsorted,,2024-10-01T11:02:29.800Z,,,false
864667035,TryHackMe | Cyber Security Training,,"An online platform for learning and teaching cyber security, all through your browser.",https://tryhackme.com/,Unsorted,,2024-10-01T11:01:25.661Z,https://tryhackme.com/img/meta/default.png,,false
864665291,Fly.io Distributed Systems Challenge,,Documentation and guides from the team at Fly.io.,https://fly.io/dist-sys/,Unsorted,,2024-10-01T10:59:16.063Z,https://fly.io/static/images/fly-social-square.webp,,false
864664991,The Cryptopals Crypto Challenges,,,https://cryptopals.com/,Unsorted,,2024-10-01T10:57:17.239Z,,,false
863948894,Incise,,,http://incise.org/,Unsorted,,2024-09-30T04:15:40.177Z,http://incise.org/images/frontpage/qplaniso.png,,false
862823215,Who are you? - Breakcore Mix To Dissociate,,"It's going to be okay...


Timestamps:

(00:00): Nihigo - angelic w nunashi
(05:28): Dreamweaver - altered reality (ft. botanical anomaly)
(08:25): Sewerslvt - Mr. Kill Myself
(15:51): Lafew - Temporary
(19:31): Gutterpink - NoLoveWorld
(23:32): Lilyniku - TERMINAL 18 (feat. Whivvy)
(26:48): AZALEA - ÂçíÊ•≠„Åß„Åô„Å≠ (Sewerslvt Remix)
(30:58): Porter Robinson - Get Your Wish (Sewerslvt Remix)
(35:05): Sewerslvt - Newlove
(41:04): Empty Blue - I Just Want To Exist


Image (friend.png): https://in.pinterest.com/pin/697635798560627510/",https://www.youtube.com/watch?v=uYFrd7Ymcac,Unsorted,,2024-09-28T12:26:56.360Z,https://i.ytimg.com/vi/uYFrd7Ymcac/sddefault.jpg,,false
862820892,Raft,,,https://thesecretlivesofdata.com/raft/,Unsorted,,2024-09-28T12:08:57.758Z,,,false
862783374,dariubs/GoBooks: List of Golang books,,List of Golang books. Contribute to dariubs/GoBooks development by creating an account on GitHub.,https://github.com/dariubs/GoBooks,Unsorted,,2024-09-28T10:04:13.311Z,https://opengraph.githubassets.com/99bca851780557501d4ca835f26bb741330f6ab029ea205152986016add043a2/dariubs/GoBooks,,false
862783336,Cover - Spaceship Go,,,https://blasrodri.github.io/spaceship-go-gh-pages/cover.html,Unsorted,,2024-09-28T10:04:06.305Z,,,false
862777014,Learn Go with Tests | Learn Go with tests,,,https://quii.gitbook.io/learn-go-with-tests,Unsorted,,2024-09-28T09:46:41.066Z,https://quii.gitbook.io/learn-go-with-tests/~gitbook/ogimage/lqG4HZkz30xV1Xvb3yXg,,false
862241654,Learn backend development the fun way | Boot.dev,,Ready to finally become a backend developer? Don't make it a grind. The smartest way to learn to code is to ensure you're never bored.,https://www.boot.dev/,Unsorted,,2024-09-27T13:05:53.256Z,https://www.boot.dev/_nuxt/bootsballanfull.B8qIFEHI.webp,,false
862241515,"Hard, no-nonsense programming challenges | hackattic",,"Hackattic is all about hard, real-world programming challenges. No binary trees. Git, Docker, Redis, Postgres hacking and more.",https://hackattic.com/,Unsorted,,2024-09-27T13:04:36.026Z,https://hackattic.com/static/core/hapen3.jpg,,false
862042495,Notes from the Architect ‚Äî Varnish version trunk documentation,,,https://varnish-cache.org/docs/trunk/phk/notes.html,Unsorted,,2024-09-27T03:26:57.337Z,,,false
861314217,"Your, My, My - Fighting Proper Noun Feature Names",,Elevating every feature in your interface to proper noun status will make a mess of your interface and technical writing. And confuse the heck out of users.,https://kubie.co/blog/fighting-feature-names/,Unsorted,,2024-09-26T07:30:27.596Z,https://kubie.co/wp-content/uploads/2021/06/cropped-AcmeCoFeature.png,,false
861314197,The Grammar of Interactivity | UX Booth,,We all shudder a little when we look back on the days of &ldquo;Click here to&hellip;&rdquo; calls to action. Jonathan Richards shares his method for determining the phrasing of interactive elements.,https://uxbooth.com/articles/the-grammar-of-interactivity/,Unsorted,,2024-09-26T07:30:14.039Z,https://assets.uxbooth.com/uploads/2016/03/uxbooth-preview.jpg,,false
860712908,cozis/blogtech: Custom web server for my blog,,Custom web server for my blog. Contribute to cozis/blogtech development by creating an account on GitHub.,https://github.com/cozis/blogtech,Unsorted,,2024-09-25T13:33:30.163Z,https://opengraph.githubassets.com/eb6d24fbeb3bc074f44bc7b2f63a581c324a3e9f7be4e2b5878802269c6018d5/cozis/blogtech,,false
860612536,[Hyprland] I made an extremely customizable Bar/Panel for Hyprland using AGS. : r/unixporn,,"857 votes, 121 comments. 494K subscribers in the unixporn community. Submit screenshots of all your *NIX desktops, themes, and nifty configurations‚Ä¶",https://www.reddit.com/r/unixporn/comments/1eblax7/hyprland_i_made_an_extremely_customizable/,Unsorted,,2024-09-25T07:53:02.550Z,https://share.redd.it/preview/post/1eblax7,,false
860610005,[Awesome] forever wip : r/unixporn,,"1.3K votes, 80 comments. 494K subscribers in the unixporn community. Submit screenshots of all your *NIX desktops, themes, and nifty configurations‚Ä¶",https://www.reddit.com/r/unixporn/comments/1de6unh/awesome_forever_wip/,Unsorted,,2024-09-25T07:43:37.392Z,https://share.redd.it/preview/post/1de6unh,,false
825029009,[AwesomeWM] awesome is awesome : r/unixporn,,"Posted by u/Soft_Aide8734 - 1,344 votes and 91 comments",https://www.reddit.com/r/unixporn/comments/174k879/awesomewm_awesome_is_awesome,Unsorted,,2024-05-13T08:44:04.000Z,https://preview.redd.it/awesomewm-awesome-is-awesome-v0-dxcg64e5fdtb1.png?width=1080&crop=smart&auto=webp&s=220fb029571596c49a978c5d79be905b9fdbdf8c,,false
825029008,"[Hyprland] animations, theme generation, settings dialog : r/unixporn",,"Posted by u/Joey_McKur - 1,281 votes and 122 comments",https://www.reddit.com/r/unixporn/comments/1avnfjn/hyprland_animations_theme_generation_settings,Unsorted,,2024-05-13T08:45:19.000Z,https://external-preview.redd.it/hyprland-animations-theme-generation-settings-dialog-v0-bWphemIybnl6cmpjMdWA2H7U6nUGxsX5_Bo_pvibIGHWy8rxojkj8ZmB5V6t.png?width=1080&crop=smart&format=pjpg&auto=webp&s=3af7dff03006802de818b47f7e948e940053e2ae,,false
825029007,[XFCE] My Xfce points : r/unixporn,,"Posted by u/lauriset - 1,013 votes and 83 comments",https://www.reddit.com/r/unixporn/comments/13k5p5o/xfce_my_xfce_points,Unsorted,,2024-05-13T08:46:28.000Z,https://preview.redd.it/xfce-my-xfce-points-v0-p5607uajye0b1.png?width=1080&crop=smart&auto=webp&s=394480c6cbebee4839557c9764cf4d10eb1a1026,,false
825029006,[XFCE] My simple and first ricing of the fedora xfce spin. Hope you guys like it.................. : r/unixporn,,Posted by u/affi_nity - 948 votes and 138 comments,https://www.reddit.com/r/unixporn/comments/1bzpipc/xfce_my_simple_and_first_ricing_of_the_fedora,Unsorted,,2024-05-13T08:46:43.000Z,https://preview.redd.it/xfce-my-simple-and-first-ricing-of-the-fedora-xfce-spin-v0-a58rhon6tftc1.png?width=1080&crop=smart&auto=webp&s=e0292e67f26d56d51e8ff1dfd07a8641d3e3b6b9,,false
825029005,[OC] I made an app launcher. : r/unixporn,,Posted by u/oknozor - 815 votes and 48 comments,https://www.reddit.com/r/unixporn/comments/1aqtnsv/oc_i_made_an_app_launcher,Unsorted,,2024-05-13T08:47:23.000Z,https://preview.redd.it/i-made-an-app-launcher-v0-mxi40gv3elic1.png?width=900&format=png&auto=webp&s=b1a5a7ede0695f1625f0ffaf118930e43147a43c,,false
825029002,Dead Simple Sites ‚Äî Minimal Website Inspiration,,Dead Simple Sites curates the most minimal sites on the web.,https://deadsimplesites.com,Unsorted,,2024-03-11T11:21:15.000Z,https://framerusercontent.com/assets/H5YK99nff3kF0pe20Z8wDwpT25s.png,,false
825029001,Mitul Shah / @typicalmitul,,"Design engineer, photographer, and a bit more.",https://mitul.ca,Unsorted,,2024-03-12T09:52:03.000Z,https://mitul-h724a14h4-mituls-projects-b6e53694.vercel.app/og.png,,false
825029000,Denis Moulin ‚Äì Designer of all things,,"Visual designer at heart, focused on early-stages projects.",https://www.denismoulin.com/?ref=deadsimplesites,Unsorted,,2024-03-12T09:52:56.000Z,https://www.denismoulin.com/src/meta/thumbnail.png,,false
825028999,clx - Medusa UI,,Utility function for working with classNames.,https://docs.medusajs.com/ui/utils/clx,Unsorted,,2024-03-26T12:25:26.000Z,http://localhost:3000/ui/opengraph-image.jpg?e2d98509eee38e01,,false
825028998,Western Rise,,"We make quality apparel for the modern, one-bag traveler so they can carry less and experience more.",https://westernrise.com,Unsorted,,2024-03-11T14:18:52.000Z,https://westernrise.com/cdn/shop/files/social_share.png?v=1689808739&width=2048,,false
825028997,Unbound Merino,,"Unbound Merino offers the highest quality Merino wool clothing. Pack light, save money & enjoy the comfort of our Merino wool clothes. Order online today!",https://unboundmerino.com,Unsorted,,2024-03-11T14:19:09.000Z,https://unboundmerino.com/cdn/shop/files/social_sharing_main.jpg?v=1678118633,,false
825028996,Seagale,,"The first technical clothing for everyday use. Men and women collection. Designed from high-performance and eco-friendly fabrics: merino wool, tencel, hemp, recycled polyester",https://seagale.fr/en,Unsorted,,2024-03-11T14:19:36.000Z,https://seagale.fr/img/logo-1658835729.jpg,,false
825028995,Son of a Tailor,,Custom tailored T-Shirts with Free Remake Guarantee. We use only the highest quality materials.,https://www.sonofatailor.com,Unsorted,,2024-03-11T14:38:15.000Z,https://img.sonofatailor.com/next/img/default.8f1c6f7.jpg,,false
825028994,vuori,,Vuori provides a new perspective for athletic and performance clothing. Shop our men's and women's apparel that is Built to move in. Styled for life.‚Ñ¢,https://vuoriclothing.co.uk,Unsorted,,2024-03-11T14:53:41.000Z,,,false
825028962,Calculus Made Easy,,,https://calculusmadeeasy.org,Unsorted,,2024-04-19T08:53:54.000Z,,,false
825028944,no hello,,please don't say just hello in chat,https://nohello.net/en,Unsorted,,2024-01-09T19:32:49.000Z,https://nohello.net/img/XzfE_FYNGc-500.webp,,false
825028943,Home - The XY Problem,,,https://xyproblem.info,Unsorted,,2024-03-04T09:26:39.000Z,,,false
825028942,Top Hacker News Books of All Time,,Top books of all time found in comments on Hacker News.,https://hackernewsbooks.com/top-books-on-hacker-news,Unsorted,,2024-02-12T16:19:34.000Z,https://s3.amazonaws.com/hnb-static/hnb_icon_220x220.png,,false
825028941,oneminutefocus.com,,Science backed method to leverage focusing visually for 1 minute to increase mental/cognitive focus,https://oneminutefocus.com,Unsorted,,2024-02-14T10:34:27.000Z,https://oneminutefocus.com/webclip.png,,false
825028940,"Don't ask to ask, just ask",,,https://dontasktoask.com,Unsorted,,2024-03-04T09:26:54.000Z,https://dontasktoask.com/favicon.png,,false
825028939,How do I ask a good question? - Help Center - Stack Overflow,,Stack Overflow | The World‚Äôs Largest Online Community for Developers,https://stackoverflow.com/help/how-to-ask,Unsorted,,2024-03-04T09:27:08.000Z,https://cdn.sstatic.net/Sites/stackoverflow/Img/apple-touch-icon.png?v=c78bd457575a,,false
825028938,How To Ask Questions The Smart Way,,,http://catb.org/~esr/faqs/smart-questions.html,Unsorted,,2024-03-04T09:27:30.000Z,,,false
825028937,"Peter Suber, Nomic",,A game of self-amendment in which changing the rules is a move.  Invented by Peter Suber in 1982.,http://legacy.earlham.edu/~peters/nomic.htm,Unsorted,,2024-03-27T09:29:15.000Z,,,false
825028935,List of Terminal Tools (A-Z) - Terminal Trove,,"Below is a list of terminal tools in alphabetical order (A-Z) and updated regularly. Discover CLI, TUI, and more developer tools at Terminal Trove.",https://terminaltrove.com/list,Unsorted,,2024-05-10T20:18:58.000Z,https://terminaltrove.com/og/og.png,,false
825028931,Cosmetologiest or dermotological clinic in Istanbul? : r/AskTurkey,,Posted by u/Powerbankforcookies - 1 vote and 1 comment,https://www.reddit.com/r/AskTurkey/comments/1bwpy9p/cosmetologiest_or_dermotological_clinic_in,Unsorted,,2024-06-16T16:22:03.000Z,https://share.redd.it/preview/post/1bwpy9p,,false
825028930,Discover Web UI Elements | Mobbin,,Browse and search across thousands of Web UI elements for UI & UX research.,https://mobbin.com/browse/web/ui-elements,Unsorted,,2024-07-15T06:39:42.000Z,https://mobbin.com/og_image.png?v=2.2,,false
825028929,"Watch Anime Online, Free Anime Streaming Online on HiAnime.to Anime Website",,HiAnime is a Free anime streaming website which you can watch English Subbed and Dubbed Anime online with No Account and Daily update. WATCH NOW!,https://hianime.to,Unsorted,,2024-07-18T07:12:49.000Z,https://hianime.to/images/capture.png,,false
825028928,Component Party,,"Web component JS frameworks overview by their syntax and features: Svelte 4, React, Vue 3, Angular, Lit, Vue 2, Ember Octane, Solid.js, Alpine, Svelte 5 (preview), Ember Polaris (preview), Mithril, Aurelia 2, Qwik, Marko, Aurelia 1",https://component-party.dev,Unsorted,,2024-07-23T16:03:30.000Z,https://component-party.dev/banner2.png,,false
825028871,About ‚Äî brandur.org,,,https://brandur.org/about,Unsorted,,2024-01-09T19:22:11.000Z,,,false
825028870,Blog | Carey Metcalfe,,Posts by Carey Metcalfe,https://cmetcalfe.ca/blog/index.html,Unsorted,,2024-02-06T12:05:27.000Z,,,false
825028869,pwn(),,A place where I freely share my thoughts.,https://pwnwriter.xyz,Unsorted,,2024-02-06T12:07:08.000Z,https://pwnwriter.xyz/res/thumbnail-light.png,,false
825028868,Florian Janke,,Florian's personal website,https://florian.janke.me,Unsorted,,2024-02-06T12:07:46.000Z,,,false
825028867,About Me,,,https://maplant.com/index.html,Unsorted,,2024-02-16T16:38:26.000Z,,,false
825028866,Pluja's,,"My personal site, where you can find all of my projects and socials.",https://pluja.dev,Unsorted,,2024-02-20T16:17:26.000Z,https://pluja.dev/opengraph-image.jpg,,false
825028865,Webring,,,https://webring.xxiivv.com,Unsorted,,2024-03-05T14:39:07.000Z,,,false
825028864,Just Another Software Developer,,,https://miparnisariblog.wordpress.com,Unsorted,,2024-03-07T17:48:07.000Z,https://s0.wp.com/i/blank.jpg,,false
825028863,Margin Chronicles,,,https://marginchronicles.com,Unsorted,,2024-05-14T18:01:54.000Z,,,false
825028862,Tobias Fried,,A full-stack engineer and maker of digital tools and toys. He's looking for a new opportunity.,https://tobiasfried.com,Unsorted,,2024-07-17T11:53:27.000Z,https://tobiasfried.com/og.png,,false
825028859,Hacker News,,,https://news.ycombinator.com,Unsorted,,2024-01-09T19:26:59.000Z,,,false
825028858,Facebook,,"Log into Facebook to start sharing and connecting with your friends, family, and people you know.",https://www.facebook.com,Unsorted,,2024-01-09T19:27:36.000Z,https://www.facebook.com/images/fb_icon_325x325.png,,false
825028857,Proton Mail,,"Proton Mail is based in Switzerland and uses advanced encryption to keep your data safe. Apps available for Android, iOS, and desktop devices.",https://mail.proton.me/u/0/inbox,Unsorted,,2024-01-09T19:27:42.000Z,https://mail.proton.me/assets/proton-og-image.png,,false
825028856,Messenger,,"Hang out anytime, anywhere - Messenger makes it easy and fun to stay close to your favorite people.",https://www.messenger.com,Unsorted,,2024-01-22T08:58:39.000Z,https://static.xx.fbcdn.net/rsrc.php/v3/y2/r/yvbOx5two0W.png,,false
825028855,GitHub,,"GitHub is where over 100 million developers shape the future of software, together. Contribute to the open source community, manage your Git repositories, review code like a pro, track bugs and fea...",https://github.com,Unsorted,,2024-01-22T10:35:05.000Z,https://github.githubassets.com/assets/campaign-social-031d6161fa10.png,,false
825028854,Spotify,,Spotify is a digital music service that gives you access to millions of songs.,https://open.spotify.com,Unsorted,,2024-01-28T18:55:00.000Z,https://open.spotifycdn.com/cdn/images/og-image.548bc4b7.png,,false
825028853,Hardcover,,"We're a social network for book lovers to find life changing books, track what you read & want to read, and connect with passionate readers.",https://hardcover.app/home,Unsorted,,2024-02-02T19:13:14.000Z,https://storage.googleapis.com/hardcover/images/ogimages/life-changing-book.png,,false
825028852,Lastfm,,"Listen to music from Ancestor12‚Äôs library (113,798 tracks played). Ancestor12‚Äôs top artists: Bicep, Omoi, Nekrogoblikon. Get your own music profile at Last.fm, the world‚Äôs largest social music platform.",https://www.last.fm/user/Ancestor12,Unsorted,,2024-02-09T08:43:34.000Z,https://lastfm.freetls.fastly.net/i/u/ar0/fbb2269fed194c7eccb7fd9c15bcbe20.png,,false
825028851,ChatGPT,,"A conversational AI system that listens, learns, and challenges",https://chat.openai.com/c/72284a04-6549-4cc2-bde6-20c8a9adaf6d,Unsorted,,2024-02-14T10:34:46.000Z,https://cdn.oaistatic.com/_next/static/media/chatgpt-share-og.49cbbffe.png,,false
825028850,LinkedIn,,"Login to LinkedIn to keep in touch with people you know, share ideas, and build your career.",https://www.linkedin.com/feed,Unsorted,,2024-02-16T15:57:42.000Z,https://static.licdn.com/scds/common/u/images/logos/favicons/v1/favicon.ico,,false
825028849,Goodreads,,"Find and read more books you‚Äôll love, and keep track of the books you want to read. Be part of the world‚Äôs largest community of book lovers on Goodreads.",https://www.goodreads.com,Unsorted,,2024-05-08T09:10:31.000Z,https://s.gr-assets.com/assets/facebook/goodreads_wide-e23f6858b6bf20dcaf8493237a214a0e.png,,false
825028848,Exercism,,"Learn, practice and get world-class mentoring in over 50 languages. 100% free.",https://exercism.org/tracks,Unsorted,,2024-05-09T09:21:07.000Z,https://assets.exercism.org/meta/og.png,,false
859453110,TORRENTDYNE,,BitTorrent connectivity diagnostics and monitoring service,https://torrentdyne.com/,Unsorted,,2024-09-23T02:32:03.919Z,https://torrentdyne.com/static/dj/screenshot.8ab02c277395.png,,false
825048464,Pulse,,,https://soham-saha.github.io/ProceduralArt/Pulse/Pulse.html,Unsorted,,2024-07-30T13:25:11.041Z,,,false
825044569,Enhanced Data | cybernetic.dev,,"Immersive data visualization experiments powered by Three.js, Svelte and SvelteKit",https://cybernetic.dev/,Unsorted,,2024-07-30T13:22:00.408Z,https://cybernetic.dev/og/index.png,,false
825043594,systemd by example - Part 1: Minimization,,The first article in a series where I explore aspects of systemd by creating small examples with the help of containers.,https://seb.jambor.dev/posts/systemd-by-example-part-1-minimization/,Unsorted,,2024-07-30T13:17:56.862Z,https://seb.jambor.dev/posts/systemd-by-example-part-1-minimization/splash-image.png,,false
825028989,Teach Yourself Computer Science,,All the resources you need to give yourself a world class computer science education,https://teachyourselfcs.com,code,reference,2024-02-05T18:13:24.000Z,,,false
825028987,Crafting Interpreters,,,https://craftinginterpreters.com,code,"book, guide",2024-02-05T17:23:20.000Z,,,false
825028986,Init 5 - Sol MQTT Broker in C,,"Unix, CS, system programming.",https://codepr.github.io/posts/sol-mqtt-broker,code,"project, guide",2024-02-05T21:33:09.000Z,,,false
825028988,Exercism,,"Learn, practice and get world-class mentoring in over 50 languages. 100% free.",https://exercism.org/dashboard,code,platform,2024-02-05T21:52:12.000Z,https://assets.exercism.org/meta/og.png,,false
825028985,How Does a Database Work? | Let‚Äôs Build a Simple Database,,Writing a sqlite clone from scratch in C,https://cstack.github.io/db_tutorial,code,guide,2024-02-05T21:01:36.000Z,,,false
825028984,Writing An Interpreter In Go | Thorsten Ball,,In this book we will create a programming language together. We'll start with 0 lines of code and end up with a fully working interpreter for the Monkey programming language.,https://interpreterbook.com,code,,2024-02-05T18:36:40.000Z,https://interpreterbook.com/img/sm_card-03b4fb28.png,,false
825028983,The Ray Tracer Challenge,,,http://raytracerchallenge.com,code,,2024-02-05T18:36:58.000Z,,,false
825028982,Mazes For Programmers,,,http://www.mazesforprogrammers.com,code,,2024-02-05T18:38:21.000Z,,,false
825028981,Write your Own Virtual Machine,,,https://www.jmeiners.com/lc3-vm#:registers,code,,2024-02-05T21:10:04.000Z,,,false
825028980,Writing an OS in Rust,,This blog series creates a small operating system in the Rust programming language. Each post is a small tutorial and includes all needed code.,https://os.phil-opp.com,code,,2024-02-05T21:44:50.000Z,,,false
825028979,Naivecoin: a tutorial for building a cryptocurrency,,Build your blockchain: A tutorial where a blockchain and a cryptocurrency are created from scratch using Typescript.,https://lhartikk.github.io,code,,2024-02-12T19:20:33.000Z,https://lhartikk.github.io/assets/blockchain.png,,false
825028978,500 Lines or LessDagoba: An In-Memory Graph Database,,,https://aosabook.org/en/500L/dagoba-an-in-memory-graph-database.html,code,,2024-02-12T19:23:48.000Z,,,false
825028977,Understanding Computation,,,https://computationbook.com,code,,2024-02-13T19:40:21.000Z,,,false
825028976,Composing Programs,,,https://www.composingprograms.com,code,,2024-02-14T09:45:45.000Z,,,false
825028975,How to write your own filesystem in Rust - Prog.World,,The initial data and results of the programs must be stored somewhere for further use. Their storage needs to be organized so that we can quickly get the information we need. The File System (FS) is responsible for this task: it provides an abstraction for the devices on which data is physically stored. In this...,https://prog.world/how-to-write-your-own-filesystem-in-rust,code,,2024-02-14T10:05:49.000Z,https://prog.world/wp-content/uploads/2020/07/kfoig3njr3uxrcbwhwfugbr-gcy.jpeg,,false
825028974,brenns10/tetris: Tetris in C and NCURSES.,,Tetris in C and NCURSES.,https://github.com/brenns10/tetris,code,,2024-02-05T21:39:29.000Z,https://opengraph.githubassets.com/53886849edcd30e987cb14acb4a2ab562793be7476bd06b3a08a505499049145/brenns10/tetris,,false
825028973,jamesroutley/write-a-hash-table: ‚úèÔ∏è Learn how to write a hash table in C,,‚úèÔ∏è Learn how to write a hash table in C.,https://github.com/jamesroutley/write-a-hash-table,code,,2024-02-05T21:19:18.000Z,https://opengraph.githubassets.com/e64048f4f6c9cba3ba79775ed9fb230fe59b6fdcea929ad2ccb969a6b43253ce/jamesroutley/write-a-hash-table,,false
825028972,Writing a Simple Filesystem Using FUSE in C,,Yet Another Programming Blog :-),https://maastaar.net/fuse/linux/filesystem/c/2016/05/21/writing-a-simple-filesystem-using-fuse,code,,2024-02-14T10:01:38.000Z,,,false
825028971,"Pragmatic Bookshelf: By Developers, For Developers",,"We improve the lives of professional developers. We create timely, practical books on classic and cutting-edge topics to help you learn and practice your craft, and accelerate your career. Come learn with us.",https://pragprog.com/titles,code,,2024-02-14T10:44:59.000Z,,,false
825028970,Writing an HTTP server from scratch - Bharat Chauhan,,,https://bhch.github.io/posts/2017/11/writing-an-http-server-from-scratch,code,,2024-02-14T10:53:19.000Z,,,false
825028969,Introduction - Learning Rust With Entirely Too Many Linked Lists,,Learning Rust With Entirely Too Many Linked Lists,https://rust-unofficial.github.io/too-many-lists,code,,2024-02-15T12:58:38.000Z,,,false
825028968,My experience crafting an interpreter with Rust ‚Äì Manuel Cer√≥n,,"Last year I finally decided to learn some Rust. The official book by Steve Klabnik and Carol Nichols is excellent, but even after reading it and working on some small code exercises, I felt that I ‚Ä¶",https://ceronman.com/2021/07/22/my-experience-crafting-an-interpreter-with-rust,code,,2024-02-17T16:22:21.000Z,https://ceronman.com/wp-content/uploads/2021/07/image-2.png,,false
825028967,Intro - Nim Days,,,https://xmonader.github.io/nimdays/book_intro.html,code,,2024-02-22T12:09:06.000Z,,,false
825028966,How to parse JSON using shift-reduce parsing approach,,"Parsing JSON is something that the majority of programmers have done. Almost all languages have means to deserialize (unmarshall) JSON from text into some data structure. In this article, we are going to try doing exactly that. Grammar Just like in natural languages, the programming languages and various data formats have a grammar. The grammar consists of rules that show how the text input needs to be structured. For JSON the following is a simplified version of a part of the grammar:",https://rhaeguard.github.io/posts/json-parsing-shift-reduce,code,,2024-02-22T12:09:35.000Z,https://rhaeguard.github.io/og-image-banff.jpg,,false
825028965,Eloquent JavaScript,,,https://eloquentjavascript.net,code,,2024-03-08T08:25:15.000Z,,,false
825028964,How to Structure C Projects: These Best Practices Worked for Me | Luca Cavallin - Software Engineer at GitHub,,"I recently worked on two different C projects, and I wanted to structure them in a way that would make them easy to maintain and understand. I also wanted to make sure that the projects were easy to build and test. In this post, I will share my experience and the best practices I found for structuring C projects.",https://www.lucavall.in/blog/how-to-structure-c-projects-my-experience-best-practices,code,,2024-03-11T11:22:02.000Z,https://www.lucavall.in/images/blog/how-to-structure-c-projects-my-experience-best-practices/cover.webp,,false
825028963,"The best engineering interview question I've ever gotten, Part 1 ‚Äì Arthur O'Dwyer ‚Äì Stuff mostly about C++",,"It‚Äôs been a while since I was on the receiving end of a software engineering interview. But I still remember my favorite interview question. It was at MemSQL circa 2013. (They haven‚Äôt even kept their name, so I assume they‚Äôre not still relying on this specific interview question. I don‚Äôt feel bad for revealing it. It‚Äôs a great story that I tell people a lot; I‚Äôve just never blogged it before.)",https://quuxplusone.github.io/blog/2022/01/06/memcached-interview,code,,2024-03-25T08:31:27.000Z,,,false
825028961,ASP.NET Core Web API .NET 8 2024 -1. Create Project + Install - YouTube,,"ASP.NET Core Web API .NET 8 2024 -1. Create Project + Install

Clone Project W/ React Front End Use These Commands:

git clone https://github.com/teddysmithdev/FinShark.git
git checkout 01c1221


Github for Project: https://github.com/teddysmithdev/FinShark

Twitter: https://twitter.com/teddysmithdev
Github: https://github.com/teddysmithdev
Linkedin: https://www.linkedin.com/in/teddy-smith-015ba61a3",https://www.youtube.com/watch?list=PL82C6-O4XrHfrGOCPmKmwTO7M0avXyQKc&v=qBTe6uHJS_Y,code,,2024-04-30T08:28:41.000Z,https://i.ytimg.com/vi/qBTe6uHJS_Y/maxresdefault.jpg,,false
825028960,Killercoda Interactive Environments,,Learn DevOps Linux Kubernetes CKS CKA CKAD Git Cassandra etc | Katacoda compatible,https://killercoda.com,code,,2024-05-05T17:09:09.000Z,https://storage.googleapis.com/killercoda-assets-europe1/meta/default/meta.png,,false
825028959,Go by Example,,,https://gobyexample.com,code,,2024-05-09T11:30:01.000Z,,,false
825028958,Contents ‚Äî Let's Go (Sample),,,https://lets-go.alexedwards.net/sample/00.01-contents.html,code,,2024-05-23T17:15:23.000Z,,,false
825028957,TDOP Pratt,,,https://tdop.github.io,code,,2024-05-27T19:22:05.000Z,,,false
825028956,Source Academy,,"Immersive experiential environment for learning programming, developed in the School of Computing at the National University of Singapore.",https://sourceacademy.org/sicpjs/foreword02,code,,2024-06-30T12:11:35.000Z,,,false
825028936,How to think about HTML responsive images ¬∑ Dan CƒÉtƒÉlin Burzo,,"srcset, sizes, picture, source, and how they all fit.",https://danburzo.ro/responsive-images-html,code,,2024-04-09T10:01:33.000Z,,,false
825028934,"matanlurey/tui-game-inspo: TUI, or text-based UI, game development inspiration.",,"TUI, or text-based UI, game development inspiration. - matanlurey/tui-game-inspo",https://github.com/matanlurey/tui-game-inspo,code,,2024-05-29T18:01:04.000Z,https://opengraph.githubassets.com/339b09d9fa545eff28de945caa00916921299e8a6b89fb04b705e7c67c43d41a/matanlurey/tui-game-inspo,,false
825028933,Square tiles mode for roguelikes,,,https://dungeon.name/square_tiles.html,code,,2024-05-29T18:09:02.000Z,,,false
825028932,My list of challenging software projects some programmers should try | andreinc,,Unsolicited advice,https://www.andreinc.net/2024/03/28/programming-projects-ideas,code,,2024-06-05T07:21:42.000Z,,,false
825044831,The Linux Kernel Module Programming Guide,,,https://sysprog21.github.io/lkmpg/,code,,2024-07-30T13:23:39.693Z,https://sysprog21.github.io/lkmpg/assets/cover-with-names.png,,false
825033525,Driving Compilers,,,https://fabiensanglard.net/dc/,code,,2024-07-30T13:07:45.696Z,,,false
825032088,The Linux Memory Manager,,,https://linuxmemory.org/about,code,,2024-07-30T13:06:29.979Z,,,false
